rank,model_id,model_name,variant,quantization,runtime,hardware_id,workload,estimated_memory_gb,weight_memory_gb,context_tokens,context_target_tokens,tokens_per_second,performance_class,quality_score,jgb_level,jgb_confidence,fit_score,confidence,cpu_price_eur,cpu_price_source,ram_price_eur,ram_price_source,gpu_price_eur,gpu_price_source,hardware_price_eur,price_coverage,value_score,reason,cabe,cabe_status,rula,rula_status,jgb_status,performance_score,economic_score,uncertainty,parameters_total_b,parameters_active_b,kv_cache_gb,runtime_overhead_gb,memory_margin_gb,runtime_version,backend,context_length,evidence_state,evidence_type,source_url,last_verified_at
1,Cisco1963/llmplasticity-nl_never_8-d0.5-c0.999-r0.25-s42,Cisco1963/llmplasticity-nl_never_8-d0.5-c0.999-r0.25-s42,,,transformers,,,,0.12,,,,UNKNOWN,,,,0.2994,low,,,570.00,LDLC España;MediaMarkt España,,,570.00,1/3,0.052533,"technical viability T2 supported by observed weight size; context supported=unknown, recommendation is preliminary; quality evidence=unknown; performance evidence=unknown; performance class=UNKNOWN; JGB=unknown; hardware price coverage=1/3",,unknown,,unknown,unknown,,,,,,,,,,,,unknown,unknown,,
2,Cisco1963/llmplasticity-en_never_8-d0.5-c0.99-r0.25-s42,Cisco1963/llmplasticity-en_never_8-d0.5-c0.99-r0.25-s42,,,transformers,,,,0.12,,,,UNKNOWN,,,,0.2994,low,,,570.00,LDLC España;MediaMarkt España,,,570.00,1/3,0.052533,"technical viability T2 supported by observed weight size; context supported=unknown, recommendation is preliminary; quality evidence=unknown; performance evidence=unknown; performance class=UNKNOWN; JGB=unknown; hardware price coverage=1/3",,unknown,,unknown,unknown,,,,,,,,,,,,unknown,unknown,,
3,Cisco1963/llmplasticity-en_never_8-d0.1-c0.9-r0.25-s42,Cisco1963/llmplasticity-en_never_8-d0.1-c0.9-r0.25-s42,,,transformers,,,,0.12,,,,UNKNOWN,,,,0.2994,low,,,570.00,LDLC España;MediaMarkt España,,,570.00,1/3,0.052533,"technical viability T2 supported by observed weight size; context supported=unknown, recommendation is preliminary; quality evidence=unknown; performance evidence=unknown; performance class=UNKNOWN; JGB=unknown; hardware price coverage=1/3",,unknown,,unknown,unknown,,,,,,,,,,,,unknown,unknown,,
4,LLMTestSaurav/NPL-MWI-With-KHM-TCD-CMR-ETH-JOR-NER-PAK-TUR-ZMB,LLMTestSaurav/NPL-MWI-With-KHM-TCD-CMR-ETH-JOR-NER-PAK-TUR-ZMB,,,transformers,,,,0.2,,,,UNKNOWN,,,,0.2991,low,,,570.00,LDLC España;MediaMarkt España,,,570.00,1/3,0.052467,"technical viability T2 supported by observed weight size; context supported=unknown, recommendation is preliminary; quality evidence=unknown; performance evidence=unknown; performance class=UNKNOWN; JGB=unknown; hardware price coverage=1/3",,unknown,,unknown,unknown,,,,,,,,,,,,unknown,unknown,,
5,inference-optimization/GLM-5.2-0.8B-A0.8B-MXFP4xFP8_BLOCK,inference-optimization/GLM-5.2-0.8B-A0.8B-MXFP4xFP8_BLOCK,,fp8,transformers,,,,0.81,,,,UNKNOWN,,,,0.2962,low,,,570.00,LDLC España;MediaMarkt España,,,570.00,1/3,0.051965,"technical viability T2 supported by observed weight size; context supported=unknown, recommendation is preliminary; quality evidence=unknown; performance evidence=unknown; performance class=UNKNOWN; JGB=unknown; hardware price coverage=1/3",,unknown,,unknown,unknown,,,,,,,,,,,,unknown,unknown,,
6,inference-optimization/GLM-5.2-0.8B-A0.8B-MXFP4xMXFP8,inference-optimization/GLM-5.2-0.8B-A0.8B-MXFP4xMXFP8,,fp8,transformers,,,,0.85,,,,UNKNOWN,,,,0.2960,low,,,570.00,LDLC España;MediaMarkt España,,,570.00,1/3,0.051933,"technical viability T2 supported by observed weight size; context supported=unknown, recommendation is preliminary; quality evidence=unknown; performance evidence=unknown; performance class=UNKNOWN; JGB=unknown; hardware price coverage=1/3",,unknown,,unknown,unknown,,,,,,,,,,,,unknown,unknown,,
7,inference-optimization/Qwen3.8-1.0B-A0.6B-NVFP4-FP8-REAP-25,inference-optimization/Qwen3.8-1.0B-A0.6B-NVFP4-FP8-REAP-25,,fp8,transformers,,,,0.87,,,,UNKNOWN,,,,0.2959,low,,,570.00,LDLC España;MediaMarkt España,,,570.00,1/3,0.051916,"technical viability T2 supported by observed weight size; context supported=unknown, recommendation is preliminary; quality evidence=unknown; performance evidence=unknown; performance class=UNKNOWN; JGB=unknown; hardware price coverage=1/3",,unknown,,unknown,unknown,,,,,,,,,,,,unknown,unknown,,
8,inference-optimization/Qwen3.8-1.0B-A0.6B-REAP-25,inference-optimization/Qwen3.8-1.0B-A0.6B-REAP-25,,,transformers,,,,0.87,,,,UNKNOWN,,,,0.2959,low,,,570.00,LDLC España;MediaMarkt España,,,570.00,1/3,0.051916,"technical viability T2 supported by observed weight size; context supported=unknown, recommendation is preliminary; quality evidence=unknown; performance evidence=unknown; performance class=UNKNOWN; JGB=unknown; hardware price coverage=1/3",,unknown,,unknown,unknown,,,,,,,,,,,,unknown,unknown,,
9,inference-optimization/Qwen3-8B-speculator.dflash.swa.dpace.fullvocab.muon.1536anc.codemultilang.v3-v7-ckpt0,inference-optimization/Qwen3-8B-speculator.dflash.swa.dpace.fullvocab.muon.1536anc.codemultilang.v3-v7-ckpt0,,,transformers,,,,2.29,,,,UNKNOWN,,,,0.2893,low,,,570.00,LDLC España;MediaMarkt España,,,570.00,1/3,0.050748,"technical viability T2 supported by observed weight size; context supported=unknown, recommendation is preliminary; quality evidence=unknown; performance evidence=unknown; performance class=UNKNOWN; JGB=unknown; hardware price coverage=1/3",,unknown,,unknown,unknown,,,,,,,,,,,,unknown,unknown,,
10,inference-optimization/Qwen3-8B-speculator.dflash.swa.dpace.fullvocab.muon.1536anc.codemultilang.v3-v7-ckpt1,inference-optimization/Qwen3-8B-speculator.dflash.swa.dpace.fullvocab.muon.1536anc.codemultilang.v3-v7-ckpt1,,,transformers,,,,2.29,,,,UNKNOWN,,,,0.2893,low,,,570.00,LDLC España;MediaMarkt España,,,570.00,1/3,0.050748,"technical viability T2 supported by observed weight size; context supported=unknown, recommendation is preliminary; quality evidence=unknown; performance evidence=unknown; performance class=UNKNOWN; JGB=unknown; hardware price coverage=1/3",,unknown,,unknown,unknown,,,,,,,,,,,,unknown,unknown,,
11,inference-optimization/Qwen3-8B-speculator.dflash.swa.dpace.fullvocab.muon.1536anc.codemultilang.v3-v7-ckpt2,inference-optimization/Qwen3-8B-speculator.dflash.swa.dpace.fullvocab.muon.1536anc.codemultilang.v3-v7-ckpt2,,,transformers,,,,2.29,,,,UNKNOWN,,,,0.2893,low,,,570.00,LDLC España;MediaMarkt España,,,570.00,1/3,0.050748,"technical viability T2 supported by observed weight size; context supported=unknown, recommendation is preliminary; quality evidence=unknown; performance evidence=unknown; performance class=UNKNOWN; JGB=unknown; hardware price coverage=1/3",,unknown,,unknown,unknown,,,,,,,,,,,,unknown,unknown,,
12,inference-optimization/Qwen3-8B-speculator.dflash.swa.dpace.fullvocab.muon.1536anc.codemultilang.v3-v7-ckpt3,inference-optimization/Qwen3-8B-speculator.dflash.swa.dpace.fullvocab.muon.1536anc.codemultilang.v3-v7-ckpt3,,,transformers,,,,2.29,,,,UNKNOWN,,,,0.2893,low,,,570.00,LDLC España;MediaMarkt España,,,570.00,1/3,0.050748,"technical viability T2 supported by observed weight size; context supported=unknown, recommendation is preliminary; quality evidence=unknown; performance evidence=unknown; performance class=UNKNOWN; JGB=unknown; hardware price coverage=1/3",,unknown,,unknown,unknown,,,,,,,,,,,,unknown,unknown,,
13,inference-optimization/Qwen3-8B-speculator.dflash.swa.dpace.fullvocab.muon.1536anc.codemultilang.v3-v7-ckpt4,inference-optimization/Qwen3-8B-speculator.dflash.swa.dpace.fullvocab.muon.1536anc.codemultilang.v3-v7-ckpt4,,,transformers,,,,2.29,,,,UNKNOWN,,,,0.2893,low,,,570.00,LDLC España;MediaMarkt España,,,570.00,1/3,0.050748,"technical viability T2 supported by observed weight size; context supported=unknown, recommendation is preliminary; quality evidence=unknown; performance evidence=unknown; performance class=UNKNOWN; JGB=unknown; hardware price coverage=1/3",,unknown,,unknown,unknown,,,,,,,,,,,,unknown,unknown,,
14,inference-optimization/Qwen3-8B-speculator.dspark.swa.gammatv.2048anc.muon.combdatav4-q235b-instr-v2-ckpt0,inference-optimization/Qwen3-8B-speculator.dspark.swa.gammatv.2048anc.muon.combdatav4-q235b-instr-v2-ckpt0,,,transformers,,,,2.37,,,,UNKNOWN,,,,0.2889,low,,,570.00,LDLC España;MediaMarkt España,,,570.00,1/3,0.050683,"technical viability T2 supported by observed weight size; context supported=unknown, recommendation is preliminary; quality evidence=unknown; performance evidence=unknown; performance class=UNKNOWN; JGB=unknown; hardware price coverage=1/3",,unknown,,unknown,unknown,,,,,,,,,,,,unknown,unknown,,
15,inference-optimization/Qwen3-8B-speculator.dspark.swa.dpace.fullvocab.muon.2048anc.combdatav4-q235b-instr-v1-ckpt2,inference-optimization/Qwen3-8B-speculator.dspark.swa.dpace.fullvocab.muon.2048anc.combdatav4-q235b-instr-v1-ckpt2,,,transformers,,,,2.37,,,,UNKNOWN,,,,0.2889,low,,,570.00,LDLC España;MediaMarkt España,,,570.00,1/3,0.050683,"technical viability T2 supported by observed weight size; context supported=unknown, recommendation is preliminary; quality evidence=unknown; performance evidence=unknown; performance class=UNKNOWN; JGB=unknown; hardware price coverage=1/3",,unknown,,unknown,unknown,,,,,,,,,,,,unknown,unknown,,
16,inference-optimization/Qwen3-8B-speculator.dspark.swa.2048anc.muon.combdatav4-qwen235b-instr-v1-ckpt1,inference-optimization/Qwen3-8B-speculator.dspark.swa.2048anc.muon.combdatav4-qwen235b-instr-v1-ckpt1,,,transformers,,,,2.37,,,,UNKNOWN,,,,0.2889,low,,,570.00,LDLC España;MediaMarkt España,,,570.00,1/3,0.050683,"technical viability T2 supported by observed weight size; context supported=unknown, recommendation is preliminary; quality evidence=unknown; performance evidence=unknown; performance class=UNKNOWN; JGB=unknown; hardware price coverage=1/3",,unknown,,unknown,unknown,,,,,,,,,,,,unknown,unknown,,
17,inference-optimization/Qwen3-8B-speculator.dspark.swa.2048anc.muon.combdatav4-qwen235b-instr-v1-ckpt2,inference-optimization/Qwen3-8B-speculator.dspark.swa.2048anc.muon.combdatav4-qwen235b-instr-v1-ckpt2,,,transformers,,,,2.37,,,,UNKNOWN,,,,0.2889,low,,,570.00,LDLC España;MediaMarkt España,,,570.00,1/3,0.050683,"technical viability T2 supported by observed weight size; context supported=unknown, recommendation is preliminary; quality evidence=unknown; performance evidence=unknown; performance class=UNKNOWN; JGB=unknown; hardware price coverage=1/3",,unknown,,unknown,unknown,,,,,,,,,,,,unknown,unknown,,
18,inference-optimization/Qwen3-8B-speculator.dspark.swa.dpace.fullvocab.muon.2048anc.combdatav4-q235b-instr-v1-ckpt1,inference-optimization/Qwen3-8B-speculator.dspark.swa.dpace.fullvocab.muon.2048anc.combdatav4-q235b-instr-v1-ckpt1,,,transformers,,,,2.37,,,,UNKNOWN,,,,0.2889,low,,,570.00,LDLC España;MediaMarkt España,,,570.00,1/3,0.050683,"technical viability T2 supported by observed weight size; context supported=unknown, recommendation is preliminary; quality evidence=unknown; performance evidence=unknown; performance class=UNKNOWN; JGB=unknown; hardware price coverage=1/3",,unknown,,unknown,unknown,,,,,,,,,,,,unknown,unknown,,
19,inference-optimization/Qwen3-8B-speculator.dspark.swa.dpace.fullvocab.muon.2048anc.combdatav4-q235b-instr-v1-ckpt0,inference-optimization/Qwen3-8B-speculator.dspark.swa.dpace.fullvocab.muon.2048anc.combdatav4-q235b-instr-v1-ckpt0,,,transformers,,,,2.37,,,,UNKNOWN,,,,0.2889,low,,,570.00,LDLC España;MediaMarkt España,,,570.00,1/3,0.050683,"technical viability T2 supported by observed weight size; context supported=unknown, recommendation is preliminary; quality evidence=unknown; performance evidence=unknown; performance class=UNKNOWN; JGB=unknown; hardware price coverage=1/3",,unknown,,unknown,unknown,,,,,,,,,,,,unknown,unknown,,
20,izlley2/LLM0to1-10b-step83000,izlley2/LLM0to1-10b-step83000,,,transformers,,,,10.35,,,,UNKNOWN,,,,0.2515,low,,,570.00,LDLC España;MediaMarkt España,,,570.00,1/3,0.044120,"technical viability T2 supported by observed weight size; context supported=unknown, recommendation is preliminary; quality evidence=unknown; performance evidence=unknown; performance class=UNKNOWN; JGB=unknown; hardware price coverage=1/3",,unknown,,unknown,unknown,,,,,,,,,,,,unknown,unknown,,
21,izlley2/LLM0to1-10b-step20000,izlley2/LLM0to1-10b-step20000,,,transformers,,,,10.35,,,,UNKNOWN,,,,0.2515,low,,,570.00,LDLC España;MediaMarkt España,,,570.00,1/3,0.044120,"technical viability T2 supported by observed weight size; context supported=unknown, recommendation is preliminary; quality evidence=unknown; performance evidence=unknown; performance class=UNKNOWN; JGB=unknown; hardware price coverage=1/3",,unknown,,unknown,unknown,,,,,,,,,,,,unknown,unknown,,
