component_type,vendor,category,model,capacity_gb,vram_gb,source_count,sources,min_price_eur,median_price_eur,max_price_eur,latest_observed_at
cpu,intel,Core i7,Intel Core i7-12700K 3.6 GHz,,,1,PcComponentes,373,373,373,2026-08-15
cpu,intel,Core i5,Intel Core i5-12400F 2.5 GHz,,,1,PcComponentes,156,156,156,2026-08-15
cpu,intel,Core i7,Intel Core i7-14700KF 3.4/5.6GHz Box,,,1,PcComponentes,394,394,394,2026-08-15
cpu,intel,Core i5,Intel Core i5-12400 2.5 GHz,,,1,PcComponentes,228,228,228,2026-08-15
cpu,intel,Core i3,Procesador Intel Core i3-14100 4 Núcleos 3.5 GHz Frecuencia Base 4.7 GHz Turbo Gráficos UHD 730,,,1,PcComponentes,145,145,145,2026-08-15
cpu,intel,Core i5,Intel Core i5-14600KF 3.5/5.4GHz Box,,,1,PcComponentes,251,251,251,2026-08-15
cpu,intel,Core i5,Intel Core i5-14400F 2.5/4.7GHz Box,,,1,PcComponentes,187,187,187,2026-08-15
cpu,intel,Core i5,Intel Core i5-14600K 3.5/5.4GHz Box,,,1,PcComponentes,288,288,288,2026-08-15
cpu,intel,Core i5,Intel Core i5-14400 2.5/4.7GHz Box,,,1,PcComponentes,208,208,208,2026-08-15
cpu,intel,Core i7,Intel Core i7-12700F 2.1 GHz,,,1,PcComponentes,231,231,231,2026-08-15
cpu,intel,Core i7,Intel Core i7-14700 2.1/5.4GHz Box,,,1,PcComponentes,388,388,388,2026-08-15
cpu,intel,Core i7,Intel Core i7-14700K 3.4/5.6GHz Box,,,1,PcComponentes,420,420,420,2026-08-15
cpu,intel,Core i9,Procesador Intel Core i9-14900KF 24 Núcleos 3.2 GHz Frecuencia Base 6 GHz Turbo Sin Gráficos Integrados,,,1,PcComponentes,453,453,453,2026-08-15
cpu,intel,Core i3,Intel Core i3-14100F 3.5/4.7GHz Box,,,1,PcComponentes,108,108,108,2026-08-15
cpu,intel,Core i7,Intel Core i7-12700KF 3.6 GHz,,,1,PcComponentes,322,322,322,2026-08-15
cpu,intel,Core i7,Intel Core i7-14700F 2.1/5.4GHz Box,,,1,PcComponentes,334,334,334,2026-08-15
cpu,intel,Core i7,Procesador Intel Core i7-14700F 20 Núcleos 2.1 GHz Frecuencia Base 5.4 GHz Frecuencia Turbo Sin Gráficos Integrados,,,1,PcComponentes,436,436,436,2026-08-15
cpu,intel,Core i3,Intel Core i3-12100 3.3 GHz,,,1,PcComponentes,173,173,173,2026-08-15
cpu,intel,Core i7,Intel Core i7-13700KF 3.4 GHz Box,,,1,PcComponentes,346,346,346,2026-08-15
cpu,intel,Core i9,Intel Core i9-14900 2.1/5.8 GHz Box,,,1,PcComponentes,614,614,614,2026-08-15
cpu,intel,Core i3,Intel Core i3-12100F 3.3 GHz,,,1,PcComponentes,120,120,120,2026-08-15
cpu,intel,Core i5,Intel Core i5-10400 2.90 GHz,,,1,PcComponentes,172,172,172,2026-08-15
cpu,intel,Core i5,Intel Core i5-12600K 3.7 GHz,,,1,PcComponentes,245,245,245,2026-08-15
cpu,intel,Core i5,Intel Core i5-12600KF 3.7 GHz,,,1,PcComponentes,203,203,203,2026-08-15
cpu,intel,Core i5,Intel Core i5-13600KF 3.5 GHz Box,,,1,PcComponentes,377,377,377,2026-08-15
cpu,intel,Core i7,Intel Core i7-12700 2.1 GHz,,,1,PcComponentes,333,333,333,2026-08-15
cpu,intel,Core i7,Intel Core i7-13700K 3.4 GHz Box,,,1,PcComponentes,384,384,384,2026-08-15
cpu,intel,Core i9,Intel Core i9-12900KF 3.2 GHz,,,1,PcComponentes,336,336,336,2026-08-15
gpu,nvidia,RTX 5070 TI,GeForce RTX 5070 Ti VENTUS 3X OC 16GB GDDR7 Reflex 2 RTX AI DLSS4 1.,,16,1,PcComponentes,270,270,270,2026-08-15
gpu,nvidia,RTX 5080,"[ Portátiles Portátil Gigabyte AORUS Master 16 BYHC5ESE64SP U9-275HX RTX 5080 32GB 1TB 16"" W11P 3.",,,1,Coolmod,500,500,500,2026-08-15
gpu,nvidia,RTX 5080,"[ Portátiles Portátil Gigabyte AORUS Master 16 BYHC5ESE64SP U9-275HX RTX 5080 32GB 1TB 16"" W11P 3.499,95 € 2.479",,,1,Coolmod,95,95,95,2026-08-15
cpu,amd,Ryzen 7,[ COOLPC - Gamer Extreme COOLPC Gamer XIII Core - Ryzen 7 5700X / Radeon RX 9070 GRE 12Gb / 32Gb DDR4 / NVMe 1Tb / W11 1.,,,1,Coolmod,850,850,850,2026-08-15
cpu,amd,Ryzen 7,"[ COOLPC - Gamer Extreme COOLPC Gamer XIII Core - Ryzen 7 5700X / Radeon RX 9070 GRE 12Gb / 32Gb DDR4 / NVMe 1Tb / W11 1.849,50 € 1.499",,,1,Coolmod,95,95,95,2026-08-15
cpu,amd,Ryzen 7,[ Procesadores Procesador AMD Ryzen 7 5800X3D 4.5GHz Socket AM4 Boxed 10th Aniversary 358,,,1,Coolmod,95,95,95,2026-08-15
cpu,amd,Ryzen 7,"AMD Ryzen 7 5700X (3,4 GHz / 4,6 GHz)",,,1,LDLC España,186,186,186,2026-08-15
cpu,amd,Ryzen 7,"AMD Ryzen 7 9800X3D (4,7 GHz / 5,2 GHz)",,,1,LDLC España,498,498,498,2026-08-15
cpu,amd,Ryzen 5,"AMD AMD Ryzen 5 5500 (3,6 GHz / 4,2 GHz)",,,1,LDLC España,91,91,91,2026-08-15
cpu,amd,Ryzen 7,"AMD Ryzen 7 5700 Wraith Stealth (3,7 GHz / 4,6 GHz)",,,1,LDLC España,162,162,162,2026-08-15
cpu,amd,Ryzen 7,"AMD Ryzen 7 9850X3D (4,7 GHz / 5,6 GHz)",,,1,LDLC España,519,519,519,2026-08-15
cpu,amd,Ryzen 7,AMD Ryzen 7 5800X3D (3.4 GHz / 4.5 GHz) - Edición aniversario 10 años,,,1,LDLC España,436,436,436,2026-08-15
cpu,intel,Core i3,"Intel Core i3-12100F (3,3 GHz / 4,3 GHz)",,,1,LDLC España,87,87,87,2026-08-15
cpu,amd,Ryzen 7,AMD Ryzen 7 9700X (3.8 GHz / 5.5 GHz),,,1,LDLC España,374,374,374,2026-08-15
cpu,amd,Ryzen 5,"AMD Ryzen 5 3400G (3,7 GHz / 4,2 GHz) - Versión tray",,,1,LDLC España,62,62,62,2026-08-15
cpu,amd,Ryzen 5,"AMD Ryzen 5 5500 Wraith Stealth (3,6 GHz / 4,2 GHz)",,,1,LDLC España,106,106,106,2026-08-15
cpu,amd,Ryzen 5,"AMD Ryzen 5 7500F (3,7 GHz / 5,0 GHz)",,,1,LDLC España,152,152,152,2026-08-15
cpu,intel,Core i5,"Intel Core i5-14600K (3,5 GHz / 5,3 GHz)",,,1,LDLC España,281,281,281,2026-08-15
cpu,amd,Ryzen 7,AMD Ryzen 7 7800X3D (4.2 GHz / 5.0 GHz) - Versión tray,,,1,LDLC España,436,436,436,2026-08-15
cpu,amd,Ryzen 7,"AMD Ryzen 7 5700X (3,4 GHz / 4,6 GHz) - Versión a granel",,,1,LDLC España,193,193,193,2026-08-15
cpu,amd,Ryzen 5,AMD Ryzen 5 9600X (3.9 GHz / 5.4 GHz),,,1,LDLC España,290,290,290,2026-08-15
cpu,amd,Ryzen 9,"AMD Ryzen 9 9950X3D (4,3 GHz / 5,7 GHz)",,,1,LDLC España,758,758,758,2026-08-15
cpu,amd,Ryzen 5,"AMD Ryzen 5 7500X3D (4,0 GHz / 4,5 GHz)",,,1,LDLC España,275,275,275,2026-08-15
cpu,intel,Core i5,Intel Core i5-14600KF (3.5 GHz / 5.3 GHz) - Versión tray,,,1,LDLC España,261,261,261,2026-08-15
cpu,amd,Ryzen 7,"AMD Ryzen 7 5700G Wraith Stealth (3,8 GHz / 4,6 GHz)",,,1,LDLC España,224,224,224,2026-08-15
ram,memory,DDR5,Corsair Vengeance DDR5 16 GB (2 x 8 GB) 5200 MHz CL40 - Negro,16,,1,LDLC España,249,249,249,2026-08-15
gpu,nvidia,RTX 5060,MSI GeForce RTX 5060 8G VENTUS 2X OC,,,1,LDLC España,470,470,470,2026-08-15
gpu,nvidia,RTX 5070,Gigabyte GeForce RTX 5070 EAGLE OC SFF 12G,,,1,LDLC España,671,671,671,2026-08-15
gpu,nvidia,RTX 5070,Gigabyte GeForce RTX 5070 GAMING OC 12G,,,1,LDLC España,690,690,690,2026-08-15
gpu,nvidia,RTX 5070,ASUS Dual GeForce RTX 5070 12GB GDDR7 OC Edition,,,1,LDLC España,806,806,806,2026-08-15
gpu,nvidia,RTX 5070 TI,ASUS PRIME GeForce RTX 5070 Ti 16GB GDDR7 OC Edition,,,1,LDLC España,286,286,286,2026-08-15
gpu,nvidia,RTX 5060 TI,ASUS Dual GeForce RTX 5060 Ti OC Edition 16GB,,,1,LDLC España,786,786,786,2026-08-15
gpu,nvidia,RTX 5060,ASUS Dual GeForce RTX 5060 OC Edition 8GB,,,1,LDLC España,470,470,470,2026-08-15
gpu,nvidia,RTX 5060,ASUS PRIME GeForce RTX 5060 OC Edition 8GB,,,1,LDLC España,498,498,498,2026-08-15
gpu,nvidia,RTX 3050,ASUS DUAL GeForce RTX 3050 OC O6G,,,1,LDLC España,234,234,234,2026-08-15
gpu,nvidia,RTX 5060 TI,ASUS Dual GeForce RTX 5060 Ti OC Edition 8GB,,,1,LDLC España,546,546,546,2026-08-15
gpu,nvidia,RTX 5050,Gigabyte GeForce RTX 5050 WINDFORCE OC 8G,,,1,LDLC España,306,306,306,2026-08-15
gpu,nvidia,RTX 5070 TI,Gigabyte GeForce RTX 5070 Ti WINDFORCE OC SFF 16G,,,1,LDLC España,276,276,276,2026-08-15
gpu,nvidia,RTX 5070,ASUS PRIME GeForce RTX 5070 12GB GDDR7 OC Edition,,,1,LDLC España,815,815,815,2026-08-15
gpu,nvidia,RTX 5050,ASUS Dual GeForce RTX 5050 8GB,,,1,LDLC España,326,326,326,2026-08-15
gpu,nvidia,RTX 3060,Gainward GeForce RTX 3060 Python II OC,,,1,LDLC España,431,431,431,2026-08-15
cpu,amd,Ryzen 7,Procesador - AMD Ryzen 7 5800X3D,,,1,MediaMarkt España,440,440,440,2026-08-15
cpu,amd,Ryzen 7,Procesador - AMD Ryzen 7 5700X,,,1,MediaMarkt España,169,169,169,2026-08-15
cpu,intel,Core i9,Intel Core i9-14900KF,,,1,MediaMarkt España,510,510,510,2026-08-15
cpu,intel,Core i5,Procesador - INTEL Intel - Core i5-14400 procesador 20 MB Smart Cache Caja,,,1,MediaMarkt España,216,216,216,2026-08-15
ram,memory,DDR4,Memoria RAM - CORSAIR CMK8GX5M1B5200C40,16,,1,MediaMarkt España,174,174,174,2026-08-15
ram,memory,DDR5,Memoria RAM - XPG CASTER DDR5,16,,1,MediaMarkt España,263,263,263,2026-08-15
ram,memory,DDR4,Memoria RAM - SILICON POWER DDR4 8GB PC 3200 CL16 Silicon-Power (1x8GB) Pulse/U-DIMM Módulos de memoria multimedia,8,,1,MediaMarkt España,78,78,78,2026-08-15
ram,memory,DDR4,Memoria RAM - QNAP QNAP RAM-16GDR4ECT0-RD-2400 módulo de memoria 16 GB 1 x 16 GB DDR4 2400 MHz ECC,16,,1,MediaMarkt España,3421,3421,3421,2026-08-15
ram,memory,DDR4,Memoria RAM - MICRON MTA16ATF4G64HZ-3G2,32,,1,MediaMarkt España,169,169,169,2026-08-15
ram,memory,DDR5,Memoria RAM - SAMSUNG M425R2GA3BB0-CWMOD,16,,1,MediaMarkt España,189,189,189,2026-08-15
ram,memory,DDR5,Memorias ram - CRUCIAL SODIMM DDR5 CT16G56C46S5,16,,1,MediaMarkt España,255,255,255,2026-08-15
ram,memory,DDR4,Memoria RAM - DELL SNPTN78YC/32G,32,,1,MediaMarkt España,249,249,249,2026-08-15
ram,memory,DDR4,Memoria RAM - KINGSTON TECHNOLOGY KTL-TS432E/32G,32,,1,MediaMarkt España,249,249,249,2026-08-15
ram,memory,DDR4,Memoria RAM - AFOX DDR4 1 x 4GB 3200MHz UDIMM PC AFLD44PK1P,4,,1,MediaMarkt España,34,34,34,2026-08-15
ram,memory,DDR4,Memorias RAM - SILICON POWER ddr4 32gb 2x 16gb silicon power udimm 3200mhz,32,,1,MediaMarkt España,314,314,314,2026-08-15
gpu,nvidia,RTX 3050,"Tarjeta gráfica - GIGABYTE GeForce RTX 3050 WINDFORCE OC V2 6G, GDDR6, PCI Express 4.0",,,1,MediaMarkt España,335,335,335,2026-08-15
gpu,nvidia,RTX 3050,"Tarjeta gráfica - MSI GeForce RTX 3050 LP E 6G OC, GDDR6, PCI Express 4.0 x8",,,1,MediaMarkt España,359,359,359,2026-08-15
gpu,nvidia,RTX 5080,"Tarjeta gráfica - ASUS TUF Gaming GeForce RTX 5080 16GB GDDR7 OC Edition, GDDR7, PCI Express x16 4.0",,,1,MediaMarkt España,2253,2253,2253,2026-08-15
gpu,nvidia,RTX 5060TI,"Tarjeta gráfica - ZOTAC TARJETA GRÁFICA ZOTAC RTX 5060TI 16GB TWIN EDGE OC GDDR7, GDDR7, PCI Express x8 5.0",,,1,MediaMarkt España,849,849,849,2026-08-15
gpu,nvidia,RTX 3070,"Tarjeta gráfica - GIGABYTE GeForce RTX 3070 VISION OC 8G (rev. 2.0), GDDR6, HDMI",,,1,MediaMarkt España,1382,1382,1382,2026-08-15
ram,memory,DDR5,Kingston FURY Beast 16GB (2 x 8GB) DDR5 6000 MHz CL30,16,,1,LDLC España,287,287,287,2026-08-15
ram,memory,DDR5,Kingston FURY Beast 32GB (2 x 16GB) DDR5 6000 MHz CL30,32,,1,LDLC España,604,604,604,2026-08-15
ram,memory,DDR4,Textorm 8 GB DDR4 3200 MHz CL16,8,,1,LDLC España,76,76,76,2026-08-15
ram,memory,DDR4,Textorm 16 GB (2x 8 GB) DDR4 3200 MHz CL16,16,,1,LDLC España,162,162,162,2026-08-15
ram,memory,DDR4,Kingston FURY Beast 32GB (2 x 16GB) DDR4 3200 MHz CL16,32,,1,LDLC España,412,412,412,2026-08-15
ram,memory,DDR5,Kingston FURY Beast 16 GB (2 x 8 GB) DDR5 5600 MHz CL36,16,,1,LDLC España,287,287,287,2026-08-15
ram,memory,DDR4,Kingston FURY Beast 16 GB (2 x 8 GB) DDR4 3200 MHz CL16,16,,1,LDLC España,172,172,172,2026-08-15
ram,memory,DDR5,G.Skill Flare X5 Series 32 GB (2x 16 GB) DDR5 6000 MHz CL36,32,,1,LDLC España,568,568,568,2026-08-15
ram,memory,DDR5,Kingston FURY Beast RGB 16GB (2 x 8GB) DDR5 6000 MHz CL30,16,,1,LDLC España,316,316,316,2026-08-15
ram,memory,DDR4,Kingston FURY Beast RGB 32 GB (2 x 16 GB) DDR4 3600 MHz CL18,32,,1,LDLC España,575,575,575,2026-08-15
ram,memory,DDR5,Kingston FURY Beast RGB 32GB (2 x 16GB) DDR5 6000 MHz CL30,32,,1,LDLC España,566,566,566,2026-08-15
ram,memory,DDR5,G.Skill Flare X5 Series Low Profile 16 GB DDR5 6000 MHz CL30 (Bulk),16,,1,LDLC España,287,287,287,2026-08-15
ram,memory,DDR4,G.Skill RipJaws Serie 5 Negro 16GB (1 x 16GB) DDR4 3200 MHz CL16,16,,1,LDLC España,104,104,104,2026-08-15
ram,memory,DDR4,Textorm SO-DIMM 16 GB DDR4 3200 MHz CL22,16,,1,LDLC España,124,124,124,2026-08-15
ram,memory,DDR4,Corsair Vengeance RGB RS 32 GB (2 x 16 GB) DDR4 3200 MHz CL16,32,,1,LDLC España,305,305,305,2026-08-15
ram,memory,DDR4,Fox Spirit Akura RGB 32 GB (2x 16 GB) DDR4 3200 MHz CL16,32,,1,LDLC España,287,287,287,2026-08-15
ram,memory,DDR5,Kingston FURY Beast RGB 32GB (2 x 16GB) DDR5 6000 MHz CL30 - Blanco,32,,1,LDLC España,614,614,614,2026-08-15
ram,memory,DDR5,Textorm 16 GB (2x 8 GB) DDR5 5600 MHz CL46,16,,1,LDLC España,268,268,268,2026-08-15
ram,memory,DDR4,G.Skill RipJaws Series SO-DIMM 16 GB (2 x 8 GB) DDR4 3200 MHz CL22,16,,1,LDLC España,100,100,100,2026-08-15
ram,memory,DDR5,G.Skill Trident Z5 48GB (2 x 24GB) DDR5 7200 MHz CL36 - Negro,48,,1,LDLC España,980,980,980,2026-08-15
cpu,intel,Core i3,Intel Core I3-12100F,,,1,Amazon España,109,109,109,2026-08-15
cpu,intel,Core i3,"Intel Procesador Core i3-2120 Dual-Core 3,3 GHz 3 MB de caché LGA 1155 - BX80623I32120 (reacondicionado certificado)",,,1,Amazon España,25,25,25,2026-08-15
cpu,intel,Core i3,"Intel Core I3 12100 - 3,3 Ghz - 4 Core - 8 Thread",,,1,Amazon España,150,150,150,2026-08-15
cpu,intel,Core i3,Intel Bandeja CPU/Core i3-12100F 4.30GHZ LGA1700,,,1,Amazon España,97,97,97,2026-08-15
cpu,intel,Core i3,"Intel Core i3-9100F - Procesador de sobremesa (4 núcleos, hasta 4,2 GHz, sin gráficos de procesador, LGA1151 300 Series 65W)",,,1,Amazon España,123,123,123,2026-08-15
cpu,intel,Core i3,"Intel Core i3-8100T - Procesador (8ª generación de procesadores Intel® Core™ i3, 3,10 GHz, LGA 1151 (Zócalo H4), PC, 14 nm, i3-8100T)",,,1,Amazon España,147,147,147,2026-08-15
cpu,intel,Core i3,"Intel BX80662I36100 - Procesador Intel Core i3-6100 (Dual-Core, LGA1151)",,,1,Amazon España,20,20,20,2026-08-15
cpu,intel,Core i3,Intel Procesador Core i3-6100 de doble núcleo de 3.70 GHz con caché 3M (BX80662I36100) (reacondicionado certificado),,,1,Amazon España,100,100,100,2026-08-15
cpu,intel,Core i3,Intel Core i3 - Procesador,,,1,Amazon España,63,63,63,2026-08-15
cpu,intel,Core i3,Intel CPU BX8070110100F Core i3-10100F / 3.6GHz / 6MB LGA1200 4C / 8T,,,1,Amazon España,102,102,102,2026-08-15
cpu,intel,Core i3,"Intel Core i3-13100 - Procesador de Escritorio de 4 núcleos (4 núcleos P + 0 núcleos E) caché de 12 MB, hasta 4,5 GHz",,,1,Amazon España,258,258,258,2026-08-15
cpu,intel,Core i3,"Intel Core i3-13100F - Procesador de Escritorio (4 núcleos P + 0 núcleos electrónicos), caché de 12 MB, hasta 4,5 GHz",,,1,Amazon España,141,141,141,2026-08-15
cpu,intel,Core i3,"Intel Cpu Core i3-12100, tray",,,1,Amazon España,162,162,162,2026-08-15
cpu,intel,Core i3,Intel Core i3-14100 3.5/4.7GHz Box,,,1,Amazon España,171,171,171,2026-08-15
cpu,intel,Core i3,"Intel Procesador de Escritorio Core i3-10100 4 núcleos de hasta 4,3 GHz LGA1200 (chipset Intel 400) 65W, número de Modelo: BX8070110100",,,1,Amazon España,177,177,177,2026-08-15
cpu,intel,Core i3,Intel Core i3 540 - Procesador,,,1,Amazon España,27,27,27,2026-08-15
cpu,intel,Core i3,"Procesador Intel Core i3-9100 3, 6 GHz (Coffee Lake) Sockel 1151, Boxed",,,1,Amazon España,108,108,108,2026-08-15
cpu,intel,Core i3,"Intel Core i3-12100, procesador para Equipos de sobremesa, 12 MB de caché, hasta 4,30 GHz",,,1,Amazon España,169,169,169,2026-08-15
cpu,intel,Core i3,"Intel Core i3-2100 - Procesador (Socket 1155, 3100 MHz, Intel Core i3, i3-2100, 5 GT/s, 64-bit)",,,1,Amazon España,207,207,207,2026-08-15
cpu,intel,Core i3,Procesador Intel Core generación 8 Intel Core i3-8300,,,1,Amazon España,183,183,183,2026-08-15
ram,memory,DDR4,"Intel® Core™ i5-12400F, procesador para Equipos de sobremesa de 12a generación; Frecuencia Base 2.5 GHz, 6 núcleos, LGA1700, RAM DDR4 y hasta 128 GB DDR5",128,,1,Amazon España,156,156,156,2026-08-15
cpu,intel,Core i3,INTEL Core i3-10105F 3.7GHz LGA1200 - Caja,,,1,Amazon España,91,91,91,2026-08-15
cpu,intel,Core i3,Intel Core i3-10105,,,1,Amazon España,120,120,120,2026-08-15
cpu,intel,Core i3,"Intel Core i3 i3-14100 - 3,5 GHz - 4 core - 8 subprocesos",,,1,Amazon España,171,171,171,2026-08-15
cpu,intel,Core i3,"Intel Core i3-9100 - Procesador (Intel Core i3-9xxx, 3,6 GHz, LGA 1151 (Zócalo H4), PC, 14 NM, 8 GT/s)",,,1,Amazon España,215,215,215,2026-08-15
cpu,intel,Core i3,"Intel Procesador CPU Core I3-4160T 3,10Ghz SR1PH LGA1150 3MB 5GT/s",,,1,Amazon España,59,59,59,2026-08-15
cpu,intel,Core i3,"Intel Core i3 3240 - Procesador Dual-Core (3,4 GHz, SK 1155, caché 3 MB, 55 W)",,,1,Amazon España,262,262,262,2026-08-15
cpu,intel,Core i5,"1-48 of 453 results for""procesador Intel Core i5""",,,1,Amazon España,166,166,166,2026-08-15
cpu,intel,Core i5,"Amazon's Choice for ""procesador Intel Core i5""",,,1,Amazon España,208,208,208,2026-08-15
cpu,intel,Core i9,"Intel Core i9-14900K 3.2/6GHz Box, El embalaje puede variar",,,1,Amazon España,432,432,432,2026-08-15
cpu,intel,Core i9,Intel Core i9-14900KF 3.2/6GHz Box,,,1,Amazon España,440,440,440,2026-08-15
cpu,intel,Core i9,"Intel BX80684I99900K - CPU INTEL Core I9-9900K 3.60GHZ 16M LGA1151 BX80684I99900K 985966, Gris",,,1,Amazon España,462,462,462,2026-08-15
cpu,intel,Core i9,"Intel Core i9-7900X - Procesador (Intel® Core™ Serie X, 3,3 GHz, LGA 2066, PC, 14 NM, i9-7900X)",,,1,Amazon España,467,467,467,2026-08-15
cpu,intel,Core i9,"Intel Core I9-9900X - Procesador CPU (3.50 GHz, 19.25M, LGA2066) Color Gris",,,1,Amazon España,218,218,218,2026-08-15
cpu,intel,Core i9,Procesador Intel Core i9-7900X X-series,,,1,Amazon España,377,377,377,2026-08-15
cpu,intel,Core i9,Intel S1700 Core i9 13900KF TRAY GEN13,,,1,Amazon España,453,453,453,2026-08-15
cpu,intel,Core i9,"Intel Core i9-9820X - Procesador (9th gen Intel® Core™ i9, 3,3 GHz, LGA 2066, PC, 14 nm, i9-9820X)",,,1,Amazon España,338,338,338,2026-08-15
cpu,intel,Core i9,"Intel Core i9-9900K 8x3,6 (Boost 5,0) GHz R0 16MB-L3 Cache UHD 630 Socket 1151",,,1,Amazon España,40,40,40,2026-08-15
cpu,intel,Core i9,Intel Core I9-12900KF 3.20GHZ Chip,,,1,Amazon España,371,371,371,2026-08-15
cpu,intel,Core i9,"Intel Core i9 9900X, S 2066, Skylake-X Refresh, 10 Core, 20 Hilos, 3,5 GHz, 4,4 GHz Turbo, 19,25 MB, 44 Lane, 165 W, CPU, OEM",,,1,Amazon España,250,250,250,2026-08-15
cpu,intel,Core i9,CPU INTEL Core I9-9900KF 3.60GHZ 16M LGA1151 NO Graphics BX80684I99900KF 999DL9,,,1,Amazon España,433,433,433,2026-08-15
cpu,intel,Core i9,"Procesador Intel Core I9-7940X X-Series (19,25 M Cache, Up to 4,30 GHz) 3,1 GHz 19,25 MB Smart Cache Procesador - Procesadores (Up to 4,30 GHz), Intel Core I9-7Xxx, 3,1 GHz, Lga 20",,,1,Amazon España,596,596,596,2026-08-15
cpu,intel,Core i9,Intel Core i9 11900K,,,1,Amazon España,536,536,536,2026-08-15
cpu,intel,Core i9,Intel Core i9 i9-14900K - 3.2 GHz - 24 Kerne - 32 Threads - 36 MB Cache-Speicher - FCLGA1700 Socket - OEM,,,1,Amazon España,597,597,597,2026-08-15
ram,memory,DDR5,1. Median:€60.99,32,,1,Amazon España,57,57,57,2026-08-15
ram,memory,DDR5,2. Median:€59.99,32,,1,Amazon España,57,57,57,2026-08-15
ram,memory,DDR5,3. Median:€60.99,32,,1,Amazon España,57,57,57,2026-08-15
ram,memory,DDR4,4. Median:€59.99,8,,1,Amazon España,65,65,65,2026-08-15
ram,memory,DDR4,5. Median:€68.99,8,,1,Amazon España,107,107,107,2026-08-15
ram,memory,DDR4,6. Median:€112.99,8,,1,Amazon España,210,210,210,2026-08-15
ram,memory,DDR4,7. €219.99,8,,1,Amazon España,95,95,95,2026-08-15
ram,memory,DDR4,8. Median:€102.99,8,,1,Amazon España,97,97,97,2026-08-15
ram,memory,DDR4,9. Median:€102.99,8,,1,Amazon España,55,55,55,2026-08-15
cpu,amd,Ryzen 3,"El **procesador** es uno de los elementos más importantes de cualquier equipo informático, especialmente si necesitas rendimiento para realizar trabajos audiovisuales o quieres ded",,,1,LDLC España,193,193,193,2026-08-15
cpu,amd,Ryzen 5,* Los más vendidos- [x],,,1,LDLC España,91,91,91,2026-08-15
cpu,amd,Ryzen 5,* - [x],,,1,LDLC España,498,498,498,2026-08-15
cpu,amd,Ryzen 3,"AMD Ryzen 3 4100 Wraith Stealth (3,8 GHz / 4,0 GHz)",,,1,LDLC España,62,62,62,2026-08-15
ram,memory,DDR4,* - [x],32,,1,LDLC España,287,287,287,2026-08-15
ram,memory,DDR4,* Los más vendidos- [x],32,,1,LDLC España,162,162,162,2026-08-15
ram,memory,DDR4,* - [x],16,,1,LDLC España,326,326,326,2026-08-15
ram,memory,DDR4,* - [x],64,,1,LDLC España,239,239,239,2026-08-15
ram,memory,DDR4,* - [x],8,,1,LDLC España,81,81,81,2026-08-15
ram,memory,DDR5,* Los más vendidos- [x],16,,1,LDLC España,249,249,249,2026-08-15
ram,memory,DDR5,* Nuevo- [x],8,,1,LDLC España,210,210,210,2026-08-15
ram,memory,DDR4,* Nuevo- [x],32,,1,LDLC España,36,36,36,2026-08-15
ram,memory,DDR4,* Nuevo- [x],16,,1,LDLC España,159,159,159,2026-08-15
ram,memory,DDR5,Kingston FURY Beast 8GB DDR5 5600 MHz CL36,8,,1,LDLC España,153,153,153,2026-08-15
ram,memory,DDR4,Kingston FURY Beast 8GB DDR4 3200 MHz CL16,8,,1,LDLC España,95,95,95,2026-08-15
ram,memory,DDR4,Crucial Pro DDR4 64 GB (2 x 32 GB) 3200 MHz CL22,64,,1,LDLC España,161,161,161,2026-08-15
ram,memory,DDR5,Corsair Vengeance DDR5 128 GB (4 x 32 GB) 5600 MHz CL40 - Negro,128,,1,LDLC España,95,95,95,2026-08-15
ram,memory,DDR5,Modelo: Corsair Vengeance DDR5 48 GB (2 x 24 GB) 6000 MHz CL36 - Negro Opinión traducida automáticamente +,48,,1,LDLC España,340,340,340,2026-08-15
ram,memory,DDR5,Corsair Vengeance DDR5 128 GB (2 x 64 GB) 6000 MHz CL40 - Negro,128,,1,LDLC España,502,502,502,2026-08-15
gpu,nvidia,RTX 3050,* - [x],,,1,LDLC España,234,234,234,2026-08-15
gpu,nvidia,RTX 3050,* Los más vendidos- [x],,,1,LDLC España,806,806,806,2026-08-15
gpu,nvidia,RTX 5070,12GB GDDR7 - HDMI/Tri DisplayPort - DLSS 4 - PCI Express (NVIDIA GeForce RTX 5070),,,1,LDLC España,604,604,604,2026-08-15
gpu,nvidia,RTX 5060,8GB GDDR7 - Dual HDMI/DisplayPort - DLSS 4 - PCI Express (NVIDIA GeForce RTX 5060),,,1,LDLC España,88,88,88,2026-08-15
gpu,nvidia,RTX 5080,16 GB GDDR7 - HDMI/Tri DisplayPort - DLSS 4 - PCI Express (NVIDIA GeForce RTX 5080),,,1,LDLC España,623,623,623,2026-08-15
gpu,nvidia,RTX 5080,16 GB GDDR7 - Doble HDMI/Tri DisplayPort - DLSS 4 - PCI Express (NVIDIA GeForce RTX 5080),,,1,LDLC España,911,911,911,2026-08-15
gpu,nvidia,RTX 5060 TI,16 GB GDDR7 - HDMI/Tri DisplayPort - DLSS 4 - PCI Express (NVIDIA GeForce RTX 5060 Ti),,,1,LDLC España,679,679,679,2026-08-15
ram,memory,DDR5,Memoria DDR5 Kingston Fury Beast 64GB 2x32GB 6000MHz CL30 EXPO-XMP,64,,1,Coolmod,95,95,95,2026-08-15
cpu,amd,Ryzen 5,Procesador - AMD Ryzen 5 5600GT,,,1,MediaMarkt España,167,167,167,2026-08-15
ram,memory,DDR4,Kingston SO-DIMM 8GB DDR4 3200 MHz CL22 1RX8,8,,1,LDLC España,95,95,95,2026-08-15
ram,memory,DDR4,Textorm SO-DIMM 8 GB DDR4 3200 MHz CL22,8,,1,LDLC España,76,76,76,2026-08-15
ram,memory,DDR5,Kingston FURY Beast 8GB DDR5 5600 MHz CL40,8,,1,LDLC España,127,127,127,2026-08-15
ram,memory,DDR4,Textorm SO-DIMM 8 GB DDR4 2666 MHz CL19,8,,1,LDLC España,81,81,81,2026-08-15
ram,memory,DDR5,Kingston FURY Beast 8GB DDR5 5200 MHz CL40,8,,1,LDLC España,119,119,119,2026-08-15
ram,memory,DDR4,G.Skill Aegis 8 GB (1 x 8 GB) DDR4 3200 MHz CL16,8,,1,LDLC España,65,65,65,2026-08-15
ram,memory,DDR5,Corsair Vengeance DDR5 8 GB (1 x 8 GB) 5200 MHz CL40 - Negro,8,,1,LDLC España,138,138,138,2026-08-15
ram,memory,DDR4,G.Skill RipJaws 4 Series 8 GB DDR4 2400 MHz CL17,8,,1,LDLC España,70,70,70,2026-08-15
ram,memory,DDR5,Corsair Vengeance RGB DDR5 8 GB (1 x 8 GB) 5200 MHz CL40 - Negro,8,,1,LDLC España,153,153,153,2026-08-15
ram,memory,DDR4,G.Skill Aegis 8 GB (1 x 8 GB) DDR4 2666 MHz CL19,8,,1,LDLC España,71,71,71,2026-08-15
ram,memory,DDR4,G.Skill RipJaws Series SO-DIMM 8 GB DDR4 3200 MHz CL22,8,,1,LDLC España,72,72,72,2026-08-15
ram,memory,DDR4,Kingston ValueRAM SO-DIMM 8GB DDR4 3200 MHz CL22 1Rx8,8,,1,LDLC España,134,134,134,2026-08-15
ram,memory,DDR5,Kingston ValueRAM 8GB DDR5 5600MHz CL46 1Rx16,8,,1,LDLC España,124,124,124,2026-08-15
ram,memory,DDR4,Kingsman Gaming DDR4 Innovator 16 GB 3200 MHz CL22 - Negro,16,,1,LDLC España,148,148,148,2026-08-15
ram,memory,DDR4,Corsair Vengeance SO-DIMM DDR4 16 GB 3200 MHz CL22,16,,1,LDLC España,153,153,153,2026-08-15
ram,memory,DDR4,G.Skill Aegis 16 GB (1 x 16 GB) DDR4 3200 MHz CL16,16,,1,LDLC España,130,130,130,2026-08-15
ram,memory,DDR4,Kingston ValueRAM SO-DIMM 16GB DDR4 3200 MHz CL22 2Rx8,16,,1,LDLC España,172,172,172,2026-08-15
ram,memory,DDR4,Kingston FURY Impact SO-DIMM 16 GB DDR4 3200 MHz CL20,16,,1,LDLC España,172,172,172,2026-08-15
ram,memory,DDR4,Textorm 16 GB DDR4 3200 MHz CL16,16,,1,LDLC España,143,143,143,2026-08-15
ram,memory,DDR5,G.Skill Trident Z5 CK RGB 48 GB (2 x 24 GB) DDR5 8800 MHz CL42 - Negro,48,,1,LDLC España,574,574,574,2026-08-15
ram,memory,DDR5,G.Skill Trident Z5 CK 48 GB (2 x 24 GB) DDR5 8800 MHz CL42 - Negro,48,,1,LDLC España,504,504,504,2026-08-15
ram,memory,DDR5,G.Skill Trident Z5 Royal 48 GB (2 x 24 GB) DDR5 8400 MHz CL40 - Plata,48,,1,LDLC España,426,426,426,2026-08-15
ram,memory,DDR5,G.Skill Trident Z5 RGB 48GB (2 x 24GB) DDR5 6400 MHz CL30 - Negro,48,,1,LDLC España,231,231,231,2026-08-15
ram,memory,DDR5,G.Skill Trident Z5 RGB 48GB (2 x 24GB) DDR5 6800 MHz CL32 - Negro,48,,1,LDLC España,180,180,180,2026-08-15
ram,memory,DDR5,G.Skill Ripjaws M5 RGB 64 GB (2 x 32 GB) DDR5 6800 MHz CL34 - Blanco,64,,1,LDLC España,199,199,199,2026-08-15
ram,memory,DDR5,G.Skill Ripjaws M5 RGB 64 GB (2 x 32 GB) DDR5 6800 MHz CL34 - Negro,64,,1,LDLC España,199,199,199,2026-08-15
ram,memory,DDR5,G.Skill Trident Z5 Royal 48 GB (2 x 24 GB) DDR5 8000 MHz CL38 - Plata,48,,1,LDLC España,343,343,343,2026-08-15
ram,memory,DDR5,G.Skill Trident Z5 Royal 64 GB (2 x 32 GB) DDR5 6800 MHz CL34 - Plata,64,,1,LDLC España,199,199,199,2026-08-15
ram,memory,DDR5,G.Skill Trident Z5 RGB 48GB (2 x 24GB) DDR5 8000 MHz CL38 - Blanco,48,,1,LDLC España,289,289,289,2026-08-15
ram,memory,DDR5,G.Skill Trident Z5 Royal Neo 48 GB (2 x 24 GB) DDR5 8000 MHz CL40 - Plata,48,,1,LDLC España,261,261,261,2026-08-15
ram,memory,DDR5,Modelo: Corsair Vengeance DDR5 48 GB (2 x 24 GB) 6000 MHz CL36 - Negro,48,,1,LDLC España,340,340,340,2026-08-15
ram,memory,DDR5,G.Skill Ripjaws M5 RGB 48 GB (2 x 24 GB) DDR5 6000 MHz CL30 - Blanco,48,,1,LDLC España,230,230,230,2026-08-15
ram,memory,DDR4,Kingston FURY Beast 128GB (4 x 32GB) DDR4 3200 MHz CL16,128,,1,LDLC España,257,257,257,2026-08-15
